amount,number_denominations,time,found
1,0,1.1684e-050
2,0,1.2112e-050
3,0,1.2379e-050
4,0,2.3674e-050
5,0,1.3025e-050
6,0,0.000515190
7,0,4.8049e-050
8,0,0.0002158350
9,0,1.3804e-050
10,0,0.0004125210
11,0,0.001141310
12,0,0.009626220
13,0,0.2795070
14,0,26.46620
15,0,52.46190
16,0,1272.210
17,0,156.8020
